date;avg_temp;total_rainfall
08/01/2012;29.215;0.17
15/01/2012;28.97;0.15
22/01/2012;28.27142857;4.47
29/01/2012;28.71;0.02
05/02/2012;28.12714286;3.92
12/02/2012;27.12;23.95
19/02/2012;26.04;20.38
26/02/2012;26.96571429;0.7
04/03/2012;28.57714286;0.19
11/03/2012;28.43571429;0.91
18/03/2012;29.48857143;1.66
25/03/2012;29.08142857;8
01/04/2012;28.92571429;2.13
08/04/2012;28.59;0.01
15/04/2012;28.16;0.04
22/04/2012;29.18142857;0.07
29/04/2012;28.26857143;0
06/05/2012;27.51142857;0
13/05/2012;27.29285714;0.11
20/05/2012;27.62;0.78
27/05/2012;26.47857143;2.31
03/06/2012;26.82571429;0.2
10/06/2012;26.01142857;0.04
17/06/2012;25.42571429;2
24/06/2012;26.58857143;1.26
01/07/2012;23.85;1.99
08/07/2012;23.52714286;1.41
15/07/2012;25.41285714;0.5
22/07/2012;24.36714286;1.5
29/07/2012;23.90428571;0.24
05/08/2012;23.10428571;1.51
12/08/2012;24.00714286;0.36
19/08/2012;23.52;2.67
26/08/2012;23.06571429;4.16
02/09/2012;25.44857143;0.02
09/09/2012;24.67428571;0.29
16/09/2012;26.45;0
23/09/2012;27.36285714;0
30/09/2012;26.44428571;1.29
07/10/2012;26.49428571;0.02
14/10/2012;27.56571429;0.09
21/10/2012;28.26857143;0
28/10/2012;28.32142857;0.02
04/11/2012;29.38714286;5.61
11/11/2012;27.27;11.86
18/11/2012;29.78142857;1.02
25/11/2012;29.99142857;3.19
02/12/2012;29.68142857;3.12
09/12/2012;29.32714286;2.49
16/12/2012;29.24142857;3.82
23/12/2012;29.91857143;0.41
30/12/2012;29.53285714;0.03
06/01/2013;28.59857143;6.03
13/01/2013;29.57571429;1.06
20/01/2013;27.29857143;24.95
27/01/2013;26.79714286;26.79
03/02/2013;28.30571429;0.55
10/02/2013;29.22714286;0.07
17/02/2013;29.3;0
24/02/2013;29.01714286;0.02
03/03/2013;30.35;0.02
10/03/2013;29.91571429;0.02
17/03/2013;30.80857143;0.03
24/03/2013;29.15571429;19.12
31/03/2013;29.50714286;2.72
07/04/2013;29.64;7.44
14/04/2013;30.18;0.48
21/04/2013;26.80428571;36.08
28/04/2013;25.35571429;5.37
05/05/2013;26.06285714;4.05
12/05/2013;26.90142857;3.26
19/05/2013;25.78;2.95
26/05/2013;27.18857143;0.78
02/06/2013;26.75571429;1.11
09/06/2013;26.06714286;1.52
16/06/2013;25.66285714;2.37
23/06/2013;26.02857143;0.74
30/06/2013;25.24285714;0.1
07/07/2013;24.84857143;1.75
14/07/2013;23.99571429;5.68
21/07/2013;24.50285714;4.75
28/07/2013;25.11714286;2.9
04/08/2013;23.51;3.07
11/08/2013;24.36571429;2.43
18/08/2013;25.32428571;0.67
25/08/2013;25.14857143;1.4
01/09/2013;25.98142857;2.56
08/09/2013;26.13142857;1.55
15/09/2013;25.11857143;0.91
22/09/2013;27.25857143;0.14
29/09/2013;28.43285714;0.01
06/10/2013;28.43142857;0.02
13/10/2013;26.84285714;3.02
20/10/2013;27.77857143;4.78
27/10/2013;27.58857143;0.02
03/11/2013;28.96857143;3.71
10/11/2013;28.46428571;4.03
17/11/2013;28.60428571;0.39
24/11/2013;27.46714286;6.69
01/12/2013;26.68714286;38.49
08/12/2013;28.87857143;15.05
15/12/2013;27.83;31.33
22/12/2013;24.29285714;90.88
29/12/2013;25.37142857;1.44
05/01/2014;25.77;0.03
12/01/2014;25.96142857;10.91
19/01/2014;26.78;5.13
26/01/2014;27.75142857;0.08
02/02/2014;28.14714286;1.16
09/02/2014;27.97857143;2.13
16/02/2014;28.15142857;14.15
23/02/2014;26.69714286;22.92
02/03/2014;27.06571429;24.64
09/03/2014;26.16571429;19.77
16/03/2014;27.40142857;0.93
23/03/2014;28.70285714;0.42
30/03/2014;29.37714286;4.14
06/04/2014;29.50428571;9.58
13/04/2014;25.24428571;92.07
20/04/2014;26.28714286;0.47
27/04/2014;26.27714286;17.47
04/05/2014;24.85142857;3.59
11/05/2014;25.54714286;1.36
18/05/2014;25.79428571;3.63
25/05/2014;26.75857143;0.37
01/06/2014;25.87;3.69
08/06/2014;26.16428571;0.56
15/06/2014;24.95857143;0.53
22/06/2014;24.85857143;1.03
29/06/2014;24.96571429;1.42
06/07/2014;24.82428571;0.3
13/07/2014;24.78285714;0.62
20/07/2014;24.59428571;1.36
27/07/2014;24.82571429;8.38
03/08/2014;24.05285714;7.46
10/08/2014;24.43857143;0.21
17/08/2014;24.18142857;2.93
24/08/2014;24.13714286;0.49
31/08/2014;26.26857143;0
07/09/2014;26.78428571;0.26
14/09/2014;25.38714286;4.27
21/09/2014;26.92857143;0.14
28/09/2014;27.92428571;0
05/10/2014;27.4;0.75
12/10/2014;26.15142857;0.53
19/10/2014;27.96;0.05
26/10/2014;28.65714286;0.03
02/11/2014;28.90571429;0.05
09/11/2014;29.14;0.66
16/11/2014;29.50571429;12.63
23/11/2014;26.05571429;44.9
30/11/2014;27.46428571;0.01
07/12/2014;27.23428571;4.71
14/12/2014;27.74571429;2.39
21/12/2014;26.41571429;39.71
28/12/2014;26.88;0.12
04/01/2015;28.69857143;0.32
11/01/2015;28.78428571;0.09
18/01/2015;29.13428571;0
25/01/2015;28.36285714;5.51
01/02/2015;28.97142857;0.07
08/02/2015;27.89428571;9.44
15/02/2015;28.76;1.71
22/02/2015;27.01142857;24.65
01/03/2015;26.48142857;18.83
08/03/2015;27.23142857;2.7
15/03/2015;29.17714286;1.43
22/03/2015;27.93285714;21.99
29/03/2015;27.40571429;4.37
05/04/2015;28.53142857;18
12/04/2015;27.01428571;39.91
19/04/2015;27.37142857;0.35
26/04/2015;27.5;11.14
03/05/2015;27.05142857;4.59
10/05/2015;28.00714286;0.47
17/05/2015;27.59428571;2.22
24/05/2015;25.77428571;6.68
31/05/2015;25.95285714;1.29
07/06/2015;25.69714286;2.25
14/06/2015;25.67;0.64
21/06/2015;25.4;0.26
28/06/2015;23.95714286;1.81
05/07/2015;25.03714286;1.1
12/07/2015;25.07857143;2.32
19/07/2015;24.15285714;0.94
26/07/2015;24.64285714;1.1
02/08/2015;24.39571429;1.89
09/08/2015;24.03285714;0.53
16/08/2015;23.48857143;1.08
23/08/2015;25.41;1.49
30/08/2015;26.71;1.14
06/09/2015;26.79571429;0.04
13/09/2015;27.36571429;0
20/09/2015;27.03571429;0.36
27/09/2015;27.78428571;0
04/10/2015;28.06;0.41
11/10/2015;28.51142857;3.53
18/10/2015;27.91428571;0.01
25/10/2015;29.64857143;0
01/11/2015;29.42;0.24
08/11/2015;29.7;0
15/11/2015;29.99428571;0
22/11/2015;31.48428571;0.37
29/11/2015;32.08285714;1.71
06/12/2015;31.22285714;2.21
13/12/2015;30.76857143;0.25
20/12/2015;29.79714286;0.02
27/12/2015;28.71142857;2.64
03/01/2016;30.21714286;1.29
10/01/2016;26.02;95.75
17/01/2016;26.29142857;43.46
24/01/2016;24.22142857;127.3
31/01/2016;24.52714286;18.79
07/02/2016;24.51571429;5.6
14/02/2016;25.56571429;9.65
21/02/2016;25.47857143;14.96
28/02/2016;26.91571429;0.12
06/03/2016;27.89428571;1.03
13/03/2016;28.32571429;1.86
20/03/2016;28.81714286;0.6
27/03/2016;30.16428571;0.03
03/04/2016;27.95857143;9.11
10/04/2016;29.49;0.09
17/04/2016;28.35;3.55
24/04/2016;27.88;0.26
01/05/2016;29.45142857;0
08/05/2016;27.64;0.75
15/05/2016;28.17;0.09
22/05/2016;27.40285714;0.19
29/05/2016;26.21857143;9.87
05/06/2016;27.11571429;0.29
12/06/2016;27.55;0
19/06/2016;25.23857143;1.2
26/06/2016;24.25714286;2
03/07/2016;23.74714286;1.37
10/07/2016;24.99714286;0.43
17/07/2016;25.34428571;0.08
24/07/2016;24.94;0
31/07/2016;24.07;0.3
07/08/2016;24.09714286;0.9
14/08/2016;25.51571429;0
21/08/2016;26.50714286;0.01
28/08/2016;25.69714286;1.98
04/09/2016;25.93857143;1.15
11/09/2016;25.90285714;1.31
18/09/2016;27.00714286;0.47
25/09/2016;28.42714286;0.01
02/10/2016;29.13142857;1.39
09/10/2016;29.28;3.59
16/10/2016;27.70142857;1.07
23/10/2016;29.26714286;0.06
30/10/2016;28.72142857;0
06/11/2016;28.35571429;0.15
13/11/2016;29.32571429;0.8
20/11/2016;29.15857143;12.74
27/11/2016;29.47285714;1.2
04/12/2016;30.34714286;0.01
11/12/2016;32.10857143;1.46
18/12/2016;28.82142857;10.84
25/12/2016;28.36;1.58
01/01/2017;29.49142857;1.03
08/01/2017;29.52571429;0
15/01/2017;29.39;1.21
22/01/2017;29.79571429;0.55
29/01/2017;30.09285714;0.08
05/02/2017;29.86714286;3.23
12/02/2017;28.21714286;14.2
19/02/2017;27.91285714;0.22
26/02/2017;27.45428571;32.28
05/03/2017;27.91571429;8.75
12/03/2017;28.04428571;0.53
19/03/2017;27.92428571;5.92
26/03/2017;29.41;0.16
02/04/2017;28.33857143;28.81
09/04/2017;27.16428571;1.72
16/04/2017;28.60571429;2.15
23/04/2017;29.11714286;0.08
30/04/2017;28.81;0.06
07/05/2017;27.17428571;1.39
14/05/2017;27.94;0.05
21/05/2017;28.96142857;2.88
28/05/2017;26.14428571;3.09
04/06/2017;26.33142857;1.21
11/06/2017;26.12571429;0.26
18/06/2017;24.77571429;5.95
25/06/2017;23.94571429;1.61
02/07/2017;23.97142857;2.13
09/07/2017;22.38714286;2.12
16/07/2017;22.65571429;2.21
23/07/2017;23.52285714;0.51
30/07/2017;23.03857143;3.36
06/08/2017;24.93571429;0.23
13/08/2017;25.44285714;0
20/08/2017;25.58428571;0.13
27/08/2017;25.18285714;1.18
03/09/2017;25.17714286;0.97
10/09/2017;24.27428571;7.53
17/09/2017;24.01142857;5.88
24/09/2017;24.38;1.74
01/10/2017;26.05;0.5
08/10/2017;26.82428571;0.57
15/10/2017;27.50857143;0
22/10/2017;27.62;0.21
29/10/2017;28.67714286;0.02
05/11/2017;29.60857143;2.26
12/11/2017;29.63428571;0.8
19/11/2017;27.51;10.33
26/11/2017;29.73285714;0.45
03/12/2017;30.27428571;0.24
10/12/2017;29.37571429;11.47
17/12/2017;27.20428571;5.3
24/12/2017;28.44142857;0.84
07/01/2018;29.23428571;19.08
14/01/2018;27.18142857;4.99
21/01/2018;28.47285714;1.02
28/01/2018;28.13571429;8.3
04/02/2018;27.84;30.33
11/02/2018;25.89571429;72.61
18/02/2018;25.73571429;4.18
25/02/2018;26.74285714;12.26
04/03/2018;27.06571429;8.42
11/03/2018;27.10571429;44.44
18/03/2018;26.34857143;25.48
25/03/2018;26.74857143;25.89
01/04/2018;26.10285714;0.97
08/04/2018;27.14;20.55
15/04/2018;25.37;12.84
22/04/2018;26.02714286;2.49
29/04/2018;26.04285714;0.65
06/05/2018;26.55857143;1.37
13/05/2018;25.94714286;7.28
20/05/2018;26.70285714;0.25
27/05/2018;26.00142857;0.95
03/06/2018;25.34;3.89
10/06/2018;26.15142857;0.99
17/06/2018;24.65714286;0.96
24/06/2018;23.39714286;3.69
01/07/2018;23.88142857;0.86
08/07/2018;24.79285714;0.1
15/07/2018;24.80857143;0.02
22/07/2018;24.09857143;1.01
29/07/2018;24.47285714;0.17
05/08/2018;25.40571429;0.01
12/08/2018;26.15142857;0
19/08/2018;26.89714286;0.33
26/08/2018;25.47714286;0.62
02/09/2018;24.88428571;1.05
09/09/2018;26.75142857;0.81
16/09/2018;26.72571429;0.15
23/09/2018;28.23285714;0
30/09/2018;28.40714286;0
07/10/2018;28.67571429;0.02
14/10/2018;28.69857143;0.05
21/10/2018;30.75285714;5.76
28/10/2018;29.94428571;1.42
04/11/2018;30.39571429;0.44
11/11/2018;30.10571429;1.33
18/11/2018;30.11285714;0.62
25/11/2018;28.95;0.51
02/12/2018;27.12714286;25.06
09/12/2018;25.83714286;57.03
16/12/2018;25.69857143;4.26
23/12/2018;26.58714286;1.25
30/12/2018;28.55857143;0.35
06/01/2019;29.65714286;0.26
13/01/2019;28.32428571;0.32
20/01/2019;29.54;1.71
27/01/2019;29.89714286;0.61
03/02/2019;29.07571429;7.14
10/02/2019;29.50285714;7.12
17/02/2019;28.64857143;14.27
24/02/2019;27.62428571;25.05
03/03/2019;27.45285714;8.43
10/03/2019;28.42285714;11.69
17/03/2019;29.87142857;3.88
24/03/2019;28.51;26.99
31/03/2019;26.71428571;7.93
07/04/2019;27.11;22.59
14/04/2019;27.95857143;9.35
21/04/2019;28.27571429;2.71
28/04/2019;28.18428571;0.34
05/05/2019;28.71571429;3.58
12/05/2019;27.28285714;0.65
19/05/2019;27.91714286;7.45
26/05/2019;28.03571429;0.32
02/06/2019;27.50142857;0
09/06/2019;25.64428571;5.89
16/06/2019;24.60714286;3.88
23/06/2019;24.71714286;3.93
30/06/2019;24.73714286;0.82
07/07/2019;26.89857143;0.37
14/07/2019;24.12571429;4.66
21/07/2019;23.62714286;1.28
28/07/2019;23.92;1.25
04/08/2019;24.54;0.76
11/08/2019;23.98285714;4.13
18/08/2019;24.35285714;0.83
25/08/2019;25.85428571;0.06
01/09/2019;25.10142857;0.55
08/09/2019;26.47285714;0.16
15/09/2019;26.78;0.85
22/09/2019;27.15714286;0.93
29/09/2019;28.04;0.13
06/10/2019;28.45285714;0.13
13/10/2019;27.89857143;0.16
20/10/2019;29.12142857;0
27/10/2019;29.49;22.55
03/11/2019;28.52428571;0.03
10/11/2019;30.03714286;0
17/11/2019;29.68714286;0.28
24/11/2019;29.80428571;0.54
01/12/2019;29.37857143;3.81
08/12/2019;31.36571429;3.35
15/12/2019;29.36714286;3.44
22/12/2019;29.63857143;0.01
29/12/2019;30.11714286;0
05/01/2020;26.77428571;30.55
12/01/2020;28.18714286;24.38
19/01/2020;29.80714286;0.01
26/01/2020;27.39428571;32.23
02/02/2020;27.77428571;5.64
09/02/2020;25.87714286;19.46
16/02/2020;28.27571429;0.17
23/02/2020;28.13428571;4.28
01/03/2020;30.69;2.93
08/03/2020;28.16714286;30.03
15/03/2020;28.13142857;11.43
22/03/2020;26.69428571;31.97
29/03/2020;26.84142857;10.8
05/04/2020;27.56714286;1.56
12/04/2020;28.60142857;15.81
19/04/2020;27.14857143;23.71
26/04/2020;26.48142857;7.82
03/05/2020;26.76428571;2.19
10/05/2020;27.18571429;1.64
17/05/2020;27.15142857;2.33
24/05/2020;26.60285714;5.12
31/05/2020;26.02571429;1.47
07/06/2020;26.40857143;10.37
14/06/2020;25.41857143;1.33
21/06/2020;24.15142857;2.69
28/06/2020;24.10285714;7.85
05/07/2020;24.87714286;0.16
12/07/2020;24.90428571;0.54
19/07/2020;24.41714286;1.06
26/07/2020;23.39857143;4.76
02/08/2020;23.40714286;2.28
09/08/2020;23.05857143;5.34
16/08/2020;24.54428571;0.68
23/08/2020;26.11714286;0.03
30/08/2020;26.13428571;0.12
06/09/2020;25.29;1.99
13/09/2020;25.95857143;0.98
20/09/2020;26.53428571;1.11
27/09/2020;28.01428571;0.1
04/10/2020;28.63857143;0
11/10/2020;30.02571429;0.24
18/10/2020;29.29428571;0.03
25/10/2020;29.66;0.13
01/11/2020;27.52714286;44.8
08/11/2020;25.93142857;74.03
15/11/2020;26.64571429;0.1
22/11/2020;27.30714286;9.92
29/11/2020;26.47857143;0.59
06/12/2020;28.87142857;0.08
13/12/2020;28.99;0.02
20/12/2020;29.90714286;1.25
27/12/2020;29.69;0.26
03/01/2021;29.75142857;0.21
10/01/2021;30.08285714;5.18
17/01/2021;27.97428571;26.65
24/01/2021;27.54857143;0.51
31/01/2021;28.01285714;1.36
07/02/2021;30.25285714;1.21
14/02/2021;28.91285714;5.05
21/02/2021;26.98285714;42.41
28/02/2021;27.82571429;3.49
07/03/2021;28.94857143;4.08
14/03/2021;29.93571429;0.88
21/03/2021;29.05142857;4.07
28/03/2021;28.47428571;1.81
04/04/2021;29.41714286;10.07
11/04/2021;28.16714286;2.77
18/04/2021;28.08285714;1.15
25/04/2021;26.66142857;36.28
02/05/2021;26.49;2.98
09/05/2021;25.52857143;5.38
16/05/2021;25.49285714;1.58
23/05/2021;26.39571429;0.09
30/05/2021;25.99571429;0.06
06/06/2021;25.93428571;3.26
13/06/2021;26.15;0.26
20/06/2021;25.80571429;0.16
27/06/2021;25.12;2.68
04/07/2021;24.41571429;2.62
11/07/2021;24.73142857;1.85
18/07/2021;25.42142857;0.47
25/07/2021;24.84;4.17
01/08/2021;25.15;2.23
08/08/2021;23.33142857;1.28
15/08/2021;24.98142857;0.2
22/08/2021;24.74714286;0.47
29/08/2021;26.48857143;0.26
05/09/2021;27.29571429;0.24
12/09/2021;27.93857143;0.14
19/09/2021;27.61;0.2
26/09/2021;28.09;0.46
03/10/2021;28.62571429;0.15
10/10/2021;28.89285714;0.34
17/10/2021;30.28714286;0.6
24/10/2021;28.83;43.71
31/10/2021;26.94571429;1.09
07/11/2021;26.57428571;36.09
14/11/2021;27.21;3.01
21/11/2021;27.91142857;2.37
28/11/2021;29.38142857;9.82
05/12/2021;27.33714286;38.33
12/12/2021;27.24142857;19.17
19/12/2021;27.76571429;0.79
26/12/2021;25.91714286;83.38
02/01/2022;25.42571429;7.74
09/01/2022;26.54428571;25.78
16/01/2022;26.75714286;4.67
23/01/2022;27.57285714;1.73
30/01/2022;25.28285714;28.28
06/02/2022;27.44285714;0.28
13/02/2022;27.69714286;21.24
20/02/2022;27.34;17.91
27/02/2022;28.06428571;2.54
06/03/2022;27.45285714;23.58
13/03/2022;27.54285714;3
20/03/2022;27.75428571;8.4
27/03/2022;27.69;12.12
03/04/2022;27.95285714;3.6
10/04/2022;28.12142857;14.89
17/04/2022;28.26428571;24.01
24/04/2022;27.10428571;2.85
01/05/2022;26.56;0.59
08/05/2022;27.43142857;0.12
15/05/2022;27.03714286;0.36
22/05/2022;26.61;13.84
29/05/2022;24.61;3.59
05/06/2022;25.83285714;6.32
12/06/2022;25.32;0.29
19/06/2022;25.67285714;0.23
26/06/2022;25.19714286;2.2
03/07/2022;24.58142857;0.45
10/07/2022;24.10714286;1.45
17/07/2022;24.15;2.98
24/07/2022;24.28428571;2.34
31/07/2022;25.06428571;1.62
07/08/2022;25.18571429;1.6
14/08/2022;24.82714286;3.06
21/08/2022;23.58285714;2.95
28/08/2022;23.84;2.11
04/09/2022;24.50428571;2.12
11/09/2022;25.25142857;1
18/09/2022;26.82;0.59
25/09/2022;28.26;1.32
02/10/2022;27.10714286;0.57
09/10/2022;28.46428571;0.57
16/10/2022;27.67857143;0.6
23/10/2022;28.73428571;0.31
30/10/2022;27.77571429;24.52
06/11/2022;26.34428571;74.07
13/11/2022;26.02;3.72
20/11/2022;27.45714286;8.73
27/11/2022;26.89571429;8.38
04/12/2022;25.12571429;46.79
11/12/2022;26.57571429;15.09
18/12/2022;27.25428571;1.45
25/12/2022;26.48714286;37.5
01/01/2023;26.14428571;2.39
08/01/2023;26.63;11.59
15/01/2023;28.26428571;2.57
22/01/2023;27.77714286;10.25
29/01/2023;28.51714286;5.06
05/02/2023;29.04714286;1.52
12/02/2023;29.13714286;1.79
19/02/2023;29.97285714;4.04
26/02/2023;28.91571429;4.95
05/03/2023;29.93428571;1.77
12/03/2023;29.95714286;1.15
19/03/2023;27.65714286;22.01
26/03/2023;25.64857143;31.36
02/04/2023;26.75571429;2.81
09/04/2023;27.94857143;2.69
16/04/2023;28.55285714;0.96
23/04/2023;28.68285714;6.35
30/04/2023;27.99285714;7.14
07/05/2023;27.19571429;8.09
14/05/2023;28.00857143;6.15
21/05/2023;26.84714286;1.51
28/05/2023;25.55;14.46
04/06/2023;25.75857143;1.07
11/06/2023;25.04428571;4.2
18/06/2023;25.83285714;1.88
25/06/2023;23.94714286;2.53
02/07/2023;24.86857143;0.66
09/07/2023;24.97428571;1.35
16/07/2023;26.34571429;0.1
23/07/2023;24.58142857;0.29
30/07/2023;25.72857143;0.17
06/08/2023;25.34857143;2.8
13/08/2023;25.35;0.43
20/08/2023;25.64428571;1.11
27/08/2023;28.43;0.7
03/09/2023;27.97714286;1.16
10/09/2023;26.70857143;0.71
17/09/2023;27.39;0.49
24/09/2023;28.01571429;0.66
01/10/2023;29.83428571;0.08
08/10/2023;29.69857143;0
15/10/2023;29.41571429;0.01
22/10/2023;28.32714286;0.01
29/10/2023;30.94428571;0
05/11/2023;30.44142857;29.11
12/11/2023;28.68857143;5.15
19/11/2023;31.13428571;1.02
26/11/2023;30.47285714;2.67
03/12/2023;29.88714286;0.89
10/12/2023;30.39142857;0.46
17/12/2023;29.57714286;0.39
24/12/2023;28.71714286;14.53
07/01/2024;28.60571429;21.12
14/01/2024;29.49428571;0.99
21/01/2024;30.83;6.97
28/01/2024;27.47;60.17
04/02/2024;27.06142857;1.67
11/02/2024;27.67857143;17.73
18/02/2024;27.59428571;30.18
25/02/2024;25.72142857;71.77
03/03/2024;27.32857143;18.58
10/03/2024;27.37857143;10.76
17/03/2024;28.15571429;8.93
24/03/2024;29.13;3.26
31/03/2024;29.48;2.16
07/04/2024;27.01285714;64.45
14/04/2024;27.75;4.61
21/04/2024;27.43285714;12.61
28/04/2024;27.83857143;2.72
05/05/2024;27.48;1.51
12/05/2024;26.48428571;3.52
19/05/2024;27.41571429;2.08
26/05/2024;26.45142857;2.3
02/06/2024;26.41;3.63
09/06/2024;25.88857143;2.91
16/06/2024;25.12714286;3.03
23/06/2024;24.52;3.98
30/06/2024;25.58571429;1.59
07/07/2024;24.62285714;3.39
14/07/2024;24.09571429;10.47
21/07/2024;23.25571429;1.57
28/07/2024;23.85142857;0.35
04/08/2024;24.56;1.28
11/08/2024;25.63571429;0.24
18/08/2024;26.44428571;1.81
25/08/2024;25.66285714;0.27
01/09/2024;25.31285714;1.11
08/09/2024;25.85;0.35
15/09/2024;26.02;0.07
22/09/2024;27.26428571;0
29/09/2024;28.13571429;0.57
06/10/2024;28.53714286;0.27
13/10/2024;29.87285714;0
20/10/2024;29.93714286;0.86
27/10/2024;29.93714286;0.1
03/11/2024;29.96571429;0
10/11/2024;30.04428571;1.42
17/11/2024;27.99285714;20.73
24/11/2024;30.88428571;0.8
01/12/2024;29.93428571;4.16
08/12/2024;30.52428571;1.17
15/12/2024;30.93714286;0.78
22/12/2024;31.78571429;0.16
29/12/2024;30.62714286;0.05
05/01/2025;31.44;0.33
12/01/2025;29.59285714;27.07
19/01/2025;25.35714286;73.65
26/01/2025;27.18428571;1.14
02/02/2025;27.26142857;23.3
09/02/2025;27.58285714;0.52
16/02/2025;28.72142857;0.04
23/02/2025;29.89142857;0.24
02/03/2025;29.46571429;1.29
09/03/2025;29.12571429;0.22
16/03/2025;29.99857143;0.32
23/03/2025;30.85;1.61
30/03/2025;30.57857143;0.38
06/04/2025;29.65714286;0.14
13/04/2025;28.99285714;22.99
20/04/2025;29.60142857;0.81
27/04/2025;29.59428571;0.1
04/05/2025;28.63857143;8.19
11/05/2025;26.594;5.2