date,avg_temp,total_rainfall,ano
2012-01-08,29.215,0.17,2012
2012-01-15,28.97,0.15000000000000002,2012
2012-01-22,28.271428571428572,4.470000000000001,2012
2012-01-29,28.71,0.02,2012
2012-02-05,28.127142857142854,3.92,2012
2012-02-12,27.12,23.95,2012
2012-02-19,26.04,20.38,2012
2012-02-26,26.965714285714284,0.7000000000000001,2012
2012-03-04,28.577142857142857,0.19,2012
2012-03-11,28.435714285714287,0.9099999999999999,2012
2012-03-18,29.48857142857143,1.6600000000000001,2012
2012-03-25,29.08142857142857,8.0,2012
2012-04-01,28.92571428571429,2.1299999999999994,2012
2012-04-08,28.59,0.01,2012
2012-04-15,28.16,0.04,2012
2012-04-22,29.181428571428572,0.06999999999999999,2012
2012-04-29,28.268571428571427,0.0,2012
2012-05-06,27.51142857142857,0.0,2012
2012-05-13,27.292857142857144,0.11,2012
2012-05-20,27.62,0.78,2012
2012-05-27,26.478571428571428,2.31,2012
2012-06-03,26.825714285714287,0.2,2012
2012-06-10,26.01142857142857,0.04,2012
2012-06-17,25.42571428571429,2.0,2012
2012-06-24,26.58857142857143,1.26,2012
2012-07-01,23.849999999999998,1.99,2012
2012-07-08,23.527142857142856,1.41,2012
2012-07-15,25.412857142857145,0.5,2012
2012-07-22,24.367142857142856,1.5,2012
2012-07-29,23.904285714285713,0.24000000000000002,2012
2012-08-05,23.104285714285712,1.51,2012
2012-08-12,24.00714285714286,0.36,2012
2012-08-19,23.52,2.67,2012
2012-08-26,23.065714285714286,4.16,2012
2012-09-02,25.44857142857143,0.02,2012
2012-09-09,24.674285714285713,0.29,2012
2012-09-16,26.45,0.0,2012
2012-09-23,27.36285714285714,0.0,2012
2012-09-30,26.444285714285716,1.29,2012
2012-10-07,26.494285714285716,0.02,2012
2012-10-14,27.565714285714286,0.09,2012
2012-10-21,28.268571428571427,0.0,2012
2012-10-28,28.321428571428573,0.02,2012
2012-11-04,29.38714285714286,5.61,2012
2012-11-11,27.27,11.86,2012
2012-11-18,29.78142857142857,1.02,2012
2012-11-25,29.99142857142857,3.1900000000000004,2012
2012-12-02,29.681428571428572,3.12,2012
2012-12-09,29.327142857142857,2.49,2012
2012-12-16,29.24142857142857,3.82,2012
2012-12-23,29.91857142857143,0.41000000000000003,2012
2012-12-30,29.532857142857143,0.03,2012
2013-01-06,28.59857142857143,6.029999999999999,2013
2013-01-13,29.575714285714287,1.06,2013
2013-01-20,27.298571428571428,24.95,2013
2013-01-27,26.797142857142855,26.79,2013
2013-02-03,28.305714285714288,0.55,2013
2013-02-10,29.22714285714286,0.07,2013
2013-02-17,29.3,0.0,2013
2013-02-24,29.017142857142858,0.02,2013
2013-03-03,30.35,0.02,2013
2013-03-10,29.915714285714284,0.02,2013
2013-03-17,30.80857142857143,0.03,2013
2013-03-24,29.155714285714286,19.12,2013
2013-03-31,29.50714285714286,2.72,2013
2013-04-07,29.639999999999997,7.4399999999999995,2013
2013-04-14,30.18,0.48000000000000004,2013
2013-04-21,26.804285714285715,36.08,2013
2013-04-28,25.35571428571429,5.37,2013
2013-05-05,26.062857142857144,4.05,2013
2013-05-12,26.90142857142857,3.26,2013
2013-05-19,25.78,2.9499999999999997,2013
2013-05-26,27.18857142857143,0.78,2013
2013-06-02,26.755714285714284,1.1099999999999999,2013
2013-06-09,26.06714285714286,1.52,2013
2013-06-16,25.662857142857142,2.37,2013
2013-06-23,26.02857142857143,0.74,2013
2013-06-30,25.24285714285714,0.1,2013
2013-07-07,24.84857142857143,1.75,2013
2013-07-14,23.995714285714286,5.680000000000001,2013
2013-07-21,24.502857142857145,4.75,2013
2013-07-28,25.117142857142856,2.9000000000000004,2013
2013-08-04,23.509999999999998,3.0700000000000003,2013
2013-08-11,24.365714285714287,2.43,2013
2013-08-18,25.324285714285715,0.67,2013
2013-08-25,25.148571428571426,1.4000000000000001,2013
2013-09-01,25.981428571428573,2.5599999999999996,2013
2013-09-08,26.131428571428575,1.55,2013
2013-09-15,25.118571428571432,0.91,2013
2013-09-22,27.25857142857143,0.14,2013
2013-09-29,28.43285714285714,0.01,2013
2013-10-06,28.431428571428572,0.02,2013
2013-10-13,26.842857142857145,3.02,2013
2013-10-20,27.77857142857143,4.78,2013
2013-10-27,27.58857142857143,0.02,2013
2013-11-03,28.96857142857143,3.71,2013
2013-11-10,28.464285714285715,4.029999999999999,2013
2013-11-17,28.604285714285712,0.39,2013
2013-11-24,27.467142857142857,6.69,2013
2013-12-01,26.687142857142856,38.49,2013
2013-12-08,28.87857142857143,15.05,2013
2013-12-15,27.830000000000002,31.33,2013
2013-12-22,24.292857142857144,90.88,2013
2013-12-29,25.37142857142857,1.44,2013
2014-01-05,25.77,0.03,2014
2014-01-12,25.961428571428574,10.91,2014
2014-01-19,26.78,5.13,2014
2014-01-26,27.75142857142857,0.08,2014
2014-02-02,28.147142857142857,1.1600000000000001,2014
2014-02-09,27.978571428571428,2.13,2014
2014-02-16,28.15142857142857,14.149999999999999,2014
2014-02-23,26.697142857142858,22.92,2014
2014-03-02,27.065714285714286,24.639999999999997,2014
2014-03-09,26.165714285714284,19.77,2014
2014-03-16,27.40142857142857,0.9299999999999999,2014
2014-03-23,28.702857142857145,0.42000000000000004,2014
2014-03-30,29.377142857142854,4.140000000000001,2014
2014-04-06,29.504285714285714,9.58,2014
2014-04-13,25.244285714285716,92.07,2014
2014-04-20,26.287142857142857,0.47,2014
2014-04-27,26.277142857142856,17.47,2014
2014-05-04,24.851428571428574,3.59,2014
2014-05-11,25.54714285714286,1.3599999999999999,2014
2014-05-18,25.794285714285714,3.63,2014
2014-05-25,26.75857142857143,0.37,2014
2014-06-01,25.87,3.69,2014
2014-06-08,26.164285714285715,0.5599999999999999,2014
2014-06-15,24.958571428571428,0.53,2014
2014-06-22,24.858571428571427,1.03,2014
2014-06-29,24.965714285714284,1.42,2014
2014-07-06,24.824285714285715,0.3,2014
2014-07-13,24.782857142857146,0.62,2014
2014-07-20,24.594285714285714,1.36,2014
2014-07-27,24.825714285714287,8.38,2014
2014-08-03,24.052857142857142,7.460000000000001,2014
2014-08-10,24.43857142857143,0.21000000000000002,2014
2014-08-17,24.18142857142857,2.9299999999999997,2014
2014-08-24,24.13714285714286,0.49,2014
2014-08-31,26.268571428571427,0.0,2014
2014-09-07,26.784285714285716,0.26,2014
2014-09-14,25.38714285714286,4.27,2014
2014-09-21,26.928571428571427,0.14,2014
2014-09-28,27.924285714285713,0.0,2014
2014-10-05,27.400000000000002,0.75,2014
2014-10-12,26.15142857142857,0.53,2014
2014-10-19,27.96,0.05,2014
2014-10-26,28.657142857142855,0.03,2014
2014-11-02,28.905714285714286,0.05,2014
2014-11-09,29.139999999999997,0.66,2014
2014-11-16,29.505714285714284,12.629999999999999,2014
2014-11-23,26.055714285714284,44.9,2014
2014-11-30,27.464285714285715,0.01,2014
2014-12-07,27.23428571428571,4.71,2014
2014-12-14,27.745714285714286,2.3899999999999997,2014
2014-12-21,26.415714285714284,39.71,2014
2014-12-28,26.88,0.12,2014
2015-01-11,28.698571428571427,0.32,2015
2015-01-18,28.784285714285716,0.09000000000000001,2015
2015-01-25,29.134285714285713,0.0,2015
2015-02-01,28.36285714285714,5.51,2015
2015-02-08,28.971428571428568,0.06999999999999999,2015
2015-02-15,27.89428571428571,9.44,2015
2015-02-22,28.759999999999998,1.71,2015
2015-03-01,27.01142857142857,24.65,2015
2015-03-08,26.481428571428573,18.83,2015
2015-03-15,27.231428571428573,2.6999999999999997,2015
2015-03-22,29.177142857142858,1.43,2015
2015-03-29,27.93285714285714,21.990000000000002,2015
2015-04-05,27.405714285714286,4.37,2015
2015-04-12,28.53142857142857,18.0,2015
2015-04-19,27.014285714285712,39.910000000000004,2015
2015-04-26,27.37142857142857,0.35,2015
2015-05-03,27.5,11.14,2015
2015-05-10,27.051428571428573,4.59,2015
2015-05-17,28.00714285714286,0.47,2015
2015-05-24,27.594285714285714,2.2199999999999998,2015
2015-05-31,25.774285714285718,6.68,2015
2015-06-07,25.952857142857145,1.29,2015
2015-06-14,25.697142857142858,2.25,2015
2015-06-21,25.669999999999998,0.64,2015
2015-06-28,25.400000000000002,0.26,2015
2015-07-05,23.957142857142856,1.81,2015
2015-07-12,25.037142857142857,1.1,2015
2015-07-19,25.07857142857143,2.32,2015
2015-07-26,24.15285714285714,0.9400000000000001,2015
2015-08-02,24.642857142857142,1.1,2015
2015-08-09,24.395714285714288,1.8900000000000001,2015
2015-08-16,24.032857142857143,0.53,2015
2015-08-23,23.48857142857143,1.08,2015
2015-08-30,25.41,1.4900000000000002,2015
2015-09-06,26.71,1.1400000000000001,2015
2015-09-13,26.795714285714286,0.04,2015
2015-09-20,27.365714285714287,0.0,2015
2015-09-27,27.035714285714285,0.36,2015
2015-10-04,27.784285714285716,0.0,2015
2015-10-11,28.060000000000002,0.41000000000000003,2015
2015-10-18,28.511428571428574,3.53,2015
2015-10-25,27.914285714285715,0.01,2015
2015-11-01,29.648571428571426,0.0,2015
2015-11-08,29.419999999999998,0.24,2015
2015-11-15,29.7,0.0,2015
2015-11-22,29.994285714285713,0.0,2015
2015-11-29,31.484285714285715,0.37,2015
2015-12-06,32.082857142857144,1.7100000000000002,2015
2015-12-13,31.222857142857144,2.21,2015
2015-12-20,30.768571428571427,0.25,2015
2015-12-27,29.797142857142855,0.02,2015
2016-01-03,28.71142857142857,2.6399999999999997,2015
2016-01-10,30.217142857142857,1.29,2016
2016-01-17,26.02,95.75,2016
2016-01-24,26.291428571428572,43.46,2016
2016-01-31,24.22142857142857,127.3,2016
2016-02-07,24.527142857142856,18.79,2016
2016-02-14,24.51571428571429,5.6000000000000005,2016
2016-02-21,25.565714285714286,9.65,2016
2016-02-28,25.478571428571428,14.959999999999999,2016
2016-03-06,26.915714285714284,0.12000000000000001,2016
2016-03-13,27.89428571428571,1.03,2016
2016-03-20,28.325714285714287,1.86,2016
2016-03-27,28.81714285714286,0.6,2016
2016-04-03,30.164285714285715,0.030000000000000002,2016
2016-04-10,27.958571428571428,9.11,2016
2016-04-17,29.490000000000002,0.09,2016
2016-04-24,28.349999999999998,3.55,2016
2016-05-01,27.88,0.26,2016
2016-05-08,29.451428571428572,0.0,2016
2016-05-15,27.639999999999997,0.75,2016
2016-05-22,28.169999999999998,0.09,2016
2016-05-29,27.40285714285714,0.19,2016
2016-06-05,26.21857142857143,9.870000000000001,2016
2016-06-12,27.115714285714287,0.29000000000000004,2016
2016-06-19,27.55,0.0,2016
2016-06-26,25.23857142857143,1.2,2016
2016-07-03,24.25714285714286,2.0,2016
2016-07-10,23.747142857142855,1.37,2016
2016-07-17,24.997142857142858,0.43,2016
2016-07-24,25.344285714285714,0.08,2016
2016-07-31,24.939999999999998,0.0,2016
2016-08-07,24.07,0.3,2016
2016-08-14,24.09714285714286,0.9,2016
2016-08-21,25.515714285714285,0.0,2016
2016-08-28,26.50714285714286,0.01,2016
2016-09-04,25.697142857142858,1.98,2016
2016-09-11,25.93857142857143,1.15,2016
2016-09-18,25.90285714285714,1.31,2016
2016-09-25,27.00714285714286,0.47,2016
2016-10-02,28.427142857142858,0.01,2016
2016-10-09,29.131428571428575,1.3900000000000001,2016
2016-10-16,29.28,3.59,2016
2016-10-23,27.701428571428572,1.0699999999999998,2016
2016-10-30,29.267142857142858,0.06,2016
2016-11-06,28.72142857142857,0.0,2016
2016-11-13,28.35571428571429,0.15,2016
2016-11-20,29.325714285714287,0.7999999999999999,2016
2016-11-27,29.15857142857143,12.74,2016
2016-12-04,29.472857142857144,1.2,2016
2016-12-11,30.34714285714286,0.01,2016
2016-12-18,32.10857142857143,1.46,2016
2016-12-25,28.821428571428573,10.84,2016
2017-01-01,28.360000000000003,1.58,2016
2017-01-08,29.49142857142857,1.03,2017
2017-01-15,29.389999999999997,1.21,2017
2017-01-22,29.795714285714286,0.5499999999999999,2017
2017-01-29,30.092857142857145,0.08,2017
2017-02-05,29.867142857142856,3.23,2017
2017-02-12,28.217142857142854,14.200000000000001,2017
2017-02-19,27.912857142857142,0.22000000000000003,2017
2017-02-26,27.454285714285714,32.28,2017
2017-03-05,27.915714285714284,8.75,2017
2017-03-12,28.044285714285714,0.53,2017
2017-03-19,27.924285714285713,5.92,2017
2017-03-26,29.41,0.16,2017
2017-04-02,28.33857142857143,28.81,2017
2017-04-09,27.164285714285715,1.72,2017
2017-04-16,28.60571428571429,2.15,2017
2017-04-23,29.117142857142856,0.08,2017
2017-04-30,28.810000000000002,0.060000000000000005,2017
2017-05-07,27.174285714285713,1.39,2017
2017-05-14,27.939999999999998,0.05,2017
2017-05-21,28.96142857142857,2.88,2017
2017-05-28,26.14428571428571,3.0900000000000003,2017
2017-06-04,26.33142857142857,1.21,2017
2017-06-11,26.125714285714285,0.26,2017
2017-06-18,24.775714285714287,5.95,2017
2017-06-25,23.945714285714285,1.6099999999999999,2017
2017-07-02,23.97142857142857,2.13,2017
2017-07-09,22.38714285714286,2.12,2017
2017-07-16,22.655714285714286,2.21,2017
2017-07-23,23.52285714285714,0.51,2017
2017-07-30,23.03857142857143,3.36,2017
2017-08-06,24.935714285714287,0.22999999999999998,2017
2017-08-13,25.442857142857143,0.0,2017
2017-08-20,25.584285714285716,0.13,2017
2017-08-27,25.18285714285714,1.18,2017
2017-09-03,25.177142857142858,0.97,2017
2017-09-10,24.274285714285718,7.53,2017
2017-09-17,24.011428571428574,5.88,2017
2017-09-24,24.38,1.74,2017
2017-10-01,26.05,0.5,2017
2017-10-08,26.824285714285715,0.57,2017
2017-10-15,27.50857142857143,0.0,2017
2017-10-22,27.62,0.21,2017
2017-10-29,28.677142857142858,0.02,2017
2017-11-05,29.608571428571427,2.2600000000000002,2017
2017-11-12,29.634285714285713,0.8,2017
2017-11-19,27.509999999999998,10.33,2017
2017-11-26,29.732857142857142,0.45,2017
2017-12-03,30.274285714285714,0.24,2017
2017-12-10,29.375714285714285,11.469999999999999,2017
2017-12-17,27.204285714285714,5.3,2017
2017-12-24,28.44142857142857,0.84,2017
2017-12-31,30.545714285714286,0.43,2017
2018-01-07,29.23428571428571,19.08,2018
2018-01-14,27.18142857142857,4.99,2018
2018-01-21,28.472857142857144,1.02,2018
2018-01-28,28.135714285714283,8.3,2018
2018-02-04,27.84,30.33,2018
2018-02-11,25.895714285714288,72.61,2018
2018-02-18,25.735714285714288,4.18,2018
2018-02-25,26.74285714285714,12.26,2018
2018-03-04,27.065714285714286,8.42,2018
2018-03-11,27.10571428571429,44.44,2018
2018-03-18,26.34857142857143,25.48,2018
2018-03-25,26.74857142857143,25.89,2018
2018-04-01,26.102857142857143,0.9700000000000001,2018
2018-04-08,27.139999999999997,20.55,2018
2018-04-15,25.37,12.84,2018
2018-04-22,26.027142857142856,2.49,2018
2018-04-29,26.042857142857144,0.65,2018
2018-05-06,26.55857142857143,1.37,2018
2018-05-13,25.947142857142858,7.28,2018
2018-05-20,26.70285714285714,0.25,2018
2018-05-27,26.00142857142857,0.95,2018
2018-06-03,25.34,3.89,2018
2018-06-10,26.15142857142857,0.99,2018
2018-06-17,24.657142857142855,0.96,2018
2018-06-24,23.397142857142857,3.69,2018
2018-07-01,23.881428571428568,0.86,2018
2018-07-08,24.792857142857144,0.09999999999999999,2018
2018-07-15,24.80857142857143,0.02,2018
2018-07-22,24.09857142857143,1.01,2018
2018-07-29,24.472857142857144,0.16999999999999998,2018
2018-08-05,25.405714285714286,0.01,2018
2018-08-12,26.15142857142857,0.0,2018
2018-08-19,26.897142857142857,0.33,2018
2018-08-26,25.47714285714286,0.62,2018
2018-09-02,24.884285714285713,1.0499999999999998,2018
2018-09-09,26.75142857142857,0.81,2018
2018-09-16,26.725714285714282,0.15,2018
2018-09-23,28.232857142857142,0.0,2018
2018-09-30,28.407142857142855,0.0,2018
2018-10-07,28.675714285714285,0.02,2018
2018-10-14,28.698571428571427,0.05,2018
2018-10-21,30.752857142857145,5.76,2018
2018-10-28,29.944285714285712,1.4200000000000002,2018
2018-11-04,30.395714285714288,0.44,2018
2018-11-11,30.10571428571429,1.33,2018
2018-11-18,30.11285714285714,0.62,2018
2018-11-25,28.95,0.51,2018
2018-12-02,27.127142857142854,25.060000000000002,2018
2018-12-09,25.837142857142858,57.03,2018
2018-12-16,25.698571428571427,4.26,2018
2018-12-23,26.587142857142855,1.25,2018
2018-12-30,28.55857142857143,0.35,2018
2019-01-06,29.657142857142855,0.26,2019
2019-01-13,28.324285714285715,0.32,2019
2019-01-20,29.54,1.71,2019
2019-01-27,29.897142857142857,0.61,2019
2019-02-03,29.075714285714287,7.14,2019
2019-02-10,29.502857142857145,7.12,2019
2019-02-17,28.648571428571426,14.27,2019
2019-02-24,27.624285714285715,25.05,2019
2019-03-03,27.452857142857145,8.43,2019
2019-03-10,28.422857142857143,11.69,2019
2019-03-17,29.87142857142857,3.88,2019
2019-03-24,28.509999999999998,26.99,2019
2019-03-31,26.714285714285715,7.93,2019
2019-04-07,27.110000000000003,22.59,2019
2019-04-14,27.958571428571428,9.35,2019
2019-04-21,28.275714285714287,2.71,2019
2019-04-28,28.184285714285714,0.33999999999999997,2019
2019-05-05,28.715714285714284,3.58,2019
2019-05-12,27.282857142857143,0.65,2019
2019-05-19,27.91714285714286,7.45,2019
2019-05-26,28.035714285714285,0.32000000000000006,2019
2019-06-02,27.50142857142857,0.0,2019
2019-06-09,25.64428571428571,5.890000000000001,2019
2019-06-16,24.607142857142858,3.88,2019
2019-06-23,24.717142857142857,3.93,2019
2019-06-30,24.737142857142857,0.8200000000000001,2019
2019-07-07,26.898571428571426,0.37,2019
2019-07-14,24.125714285714285,4.66,2019
2019-07-21,23.627142857142854,1.28,2019
2019-07-28,23.919999999999998,1.25,2019
2019-08-04,24.54,0.76,2019
2019-08-11,23.982857142857142,4.13,2019
2019-08-18,24.352857142857143,0.8300000000000001,2019
2019-08-25,25.854285714285712,0.060000000000000005,2019
2019-09-01,25.101428571428574,0.5499999999999999,2019
2019-09-08,26.472857142857144,0.16,2019
2019-09-15,26.78,0.8500000000000001,2019
2019-09-22,27.157142857142855,0.93,2019
2019-09-29,28.04,0.13,2019
2019-10-06,28.45285714285714,0.13,2019
2019-10-13,27.898571428571426,0.16,2019
2019-10-20,29.12142857142857,0.0,2019
2019-10-27,29.490000000000002,22.55,2019
2019-11-03,28.524285714285714,0.03,2019
2019-11-10,30.037142857142857,0.0,2019
2019-11-17,29.687142857142856,0.28,2019
2019-11-24,29.804285714285715,0.54,2019
2019-12-01,29.37857142857143,3.81,2019
2019-12-08,31.365714285714287,3.35,2019
2019-12-15,29.367142857142856,3.44,2019
2019-12-22,29.638571428571428,0.01,2019
2019-12-29,30.117142857142856,0.0,2019
2020-01-12,26.774285714285714,30.549999999999997,2020
2020-01-19,28.187142857142856,24.38,2020
2020-01-26,29.807142857142857,0.01,2020
2020-02-02,27.39428571428571,32.23,2020
2020-02-09,27.774285714285714,5.640000000000001,2020
2020-02-16,25.877142857142854,19.46,2020
2020-02-23,28.275714285714287,0.16999999999999998,2020
2020-03-01,28.134285714285713,4.28,2020
2020-03-08,30.689999999999998,2.9299999999999997,2020
2020-03-15,28.16714285714286,30.029999999999998,2020
2020-03-22,28.131428571428575,11.43,2020
2020-03-29,26.694285714285712,31.97,2020
2020-04-05,26.841428571428573,10.8,2020
2020-04-12,27.56714285714286,1.56,2020
2020-04-19,28.601428571428574,15.81,2020
2020-04-26,27.148571428571426,23.71,2020
2020-05-03,26.481428571428573,7.82,2020
2020-05-10,26.764285714285712,2.19,2020
2020-05-17,27.185714285714287,1.6400000000000001,2020
2020-05-24,27.15142857142857,2.33,2020
2020-05-31,26.602857142857143,5.12,2020
2020-06-07,26.025714285714287,1.47,2020
2020-06-14,26.40857142857143,10.37,2020
2020-06-21,25.41857142857143,1.33,2020
2020-06-28,24.15142857142857,2.69,2020
2020-07-05,24.102857142857143,7.85,2020
2020-07-12,24.87714285714286,0.16,2020
2020-07-19,24.904285714285713,0.54,2020
2020-07-26,24.41714285714286,1.06,2020
2020-08-02,23.398571428571426,4.76,2020
2020-08-09,23.407142857142855,2.28,2020
2020-08-16,23.05857142857143,5.34,2020
2020-08-23,24.544285714285714,0.68,2020
2020-08-30,26.117142857142856,0.03,2020
2020-09-06,26.134285714285713,0.12,2020
2020-09-13,25.29,1.99,2020
2020-09-20,25.958571428571428,0.98,2020
2020-09-27,26.534285714285716,1.1099999999999999,2020
2020-10-04,28.014285714285712,0.1,2020
2020-10-11,28.638571428571428,0.0,2020
2020-10-18,30.025714285714287,0.24,2020
2020-10-25,29.294285714285714,0.03,2020
2020-11-01,29.66,0.13,2020
2020-11-08,27.527142857142856,44.8,2020
2020-11-15,25.931428571428572,74.03,2020
2020-11-22,26.645714285714288,0.1,2020
2020-11-29,27.307142857142857,9.92,2020
2020-12-06,26.478571428571428,0.59,2020
2020-12-13,28.87142857142857,0.08,2020
2020-12-20,28.990000000000002,0.02,2020
2020-12-27,29.907142857142855,1.25,2020
2021-01-03,29.689999999999998,0.26,2020
2021-01-10,29.75142857142857,0.21000000000000002,2021
2021-01-17,30.082857142857144,5.18,2021
2021-01-24,27.974285714285713,26.650000000000002,2021
2021-01-31,27.548571428571428,0.51,2021
2021-02-07,28.012857142857143,1.3599999999999999,2021
2021-02-14,30.252857142857145,1.21,2021
2021-02-21,28.912857142857142,5.05,2021
2021-02-28,26.982857142857142,42.41,2021
2021-03-07,27.825714285714287,3.49,2021
2021-03-14,28.948571428571427,4.08,2021
2021-03-21,29.935714285714287,0.88,2021
2021-03-28,29.051428571428573,4.069999999999999,2021
2021-04-04,28.474285714285713,1.81,2021
2021-04-11,29.417142857142856,10.07,2021
2021-04-18,28.16714285714286,2.77,2021
2021-04-25,28.08285714285714,1.15,2021
2021-05-02,26.66142857142857,36.28,2021
2021-05-09,26.490000000000002,2.9800000000000004,2021
2021-05-16,25.52857142857143,5.38,2021
2021-05-23,25.49285714285714,1.58,2021
2021-05-30,26.395714285714284,0.09,2021
2021-06-06,25.995714285714286,0.06,2021
2021-06-13,25.934285714285714,3.26,2021
2021-06-20,26.150000000000002,0.26,2021
2021-06-27,25.805714285714284,0.16,2021
2021-07-04,25.12,2.68,2021
2021-07-11,24.415714285714284,2.62,2021
2021-07-18,24.731428571428573,1.85,2021
2021-07-25,25.42142857142857,0.47,2021
2021-08-01,24.84,4.17,2021
2021-08-08,25.15,2.2300000000000004,2021
2021-08-15,23.33142857142857,1.28,2021
2021-08-22,24.981428571428573,0.2,2021
2021-08-29,24.747142857142858,0.47,2021
2021-09-05,26.488571428571426,0.26,2021
2021-09-12,27.295714285714286,0.24,2021
2021-09-19,27.93857142857143,0.14,2021
2021-09-26,27.610000000000003,0.2,2021
2021-10-03,28.09,0.45999999999999996,2021
2021-10-10,28.625714285714285,0.15,2021
2021-10-17,28.892857142857142,0.34,2021
2021-10-24,30.287142857142857,0.6,2021
2021-10-31,28.830000000000002,43.71,2021
2021-11-07,26.945714285714285,1.0899999999999999,2021
2021-11-14,26.574285714285715,36.09,2021
2021-11-21,27.21,3.01,2021
2021-11-28,27.91142857142857,2.3699999999999997,2021
2021-12-05,29.381428571428575,9.82,2021
2021-12-12,27.337142857142858,38.33,2021
2021-12-19,27.24142857142857,19.169999999999998,2021
2021-12-26,27.76571428571429,0.7899999999999999,2021
2022-01-02,25.91714285714286,83.38,2021
2022-01-09,25.425714285714285,7.74,2022
2022-01-16,26.544285714285714,25.779999999999998,2022
2022-01-23,26.75714285714286,4.67,2022
2022-01-30,27.572857142857142,1.73,2022
2022-02-06,25.282857142857143,28.28,2022
2022-02-13,27.442857142857143,0.27999999999999997,2022
2022-02-20,27.697142857142858,21.240000000000002,2022
2022-02-27,27.34,17.91,2022
2022-03-06,28.064285714285713,2.54,2022
2022-03-13,27.45285714285714,23.58,2022
2022-03-20,27.542857142857144,3.0,2022
2022-03-27,27.754285714285714,8.4,2022
2022-04-03,27.689999999999998,12.120000000000001,2022
2022-04-10,27.95285714285714,3.6,2022
2022-04-17,28.12142857142857,14.89,2022
2022-04-24,28.264285714285712,24.009999999999998,2022
2022-05-01,27.104285714285712,2.85,2022
2022-05-08,26.560000000000002,0.59,2022
2022-05-15,27.431428571428572,0.12,2022
2022-05-22,27.037142857142857,0.36,2022
2022-05-29,26.610000000000003,13.84,2022
2022-06-05,24.610000000000003,3.5899999999999994,2022
2022-06-12,25.832857142857144,6.32,2022
2022-06-19,25.32,0.29,2022
2022-06-26,25.672857142857143,0.23,2022
2022-07-03,25.197142857142858,2.2,2022
2022-07-10,24.58142857142857,0.45,2022
2022-07-17,24.107142857142858,1.45,2022
2022-07-24,24.150000000000002,2.98,2022
2022-07-31,24.284285714285716,2.34,2022
2022-08-07,25.064285714285713,1.62,2022
2022-08-14,25.185714285714287,1.5999999999999999,2022
2022-08-21,24.827142857142857,3.06,2022
2022-08-28,23.582857142857144,2.95,2022
2022-09-04,23.84,2.11,2022
2022-09-11,24.504285714285714,2.12,2022
2022-09-18,25.25142857142857,1.0,2022
2022-09-25,26.82,0.5900000000000001,2022
2022-10-02,28.259999999999998,1.32,2022
2022-10-09,27.107142857142858,0.57,2022
2022-10-16,28.464285714285715,0.57,2022
2022-10-23,27.678571428571427,0.6000000000000001,2022
2022-10-30,28.73428571428571,0.31,2022
2022-11-06,27.775714285714287,24.52,2022
2022-11-13,26.344285714285714,74.07,2022
2022-11-20,26.02,3.72,2022
2022-11-27,27.457142857142856,8.73,2022
2022-12-04,26.895714285714288,8.379999999999999,2022
2022-12-11,25.125714285714285,46.79,2022
2022-12-18,26.575714285714287,15.09,2022
2022-12-25,27.254285714285714,1.45,2022
2023-01-01,26.487142857142857,37.5,2022
2023-01-08,26.14428571428571,2.3899999999999997,2023
2023-01-15,28.264285714285712,2.57,2023
2023-01-22,27.777142857142856,10.25,2023
2023-01-29,28.517142857142858,5.0600000000000005,2023
2023-02-05,29.04714285714286,1.52,2023
2023-02-12,29.13714285714286,1.79,2023
2023-02-19,29.972857142857144,4.04,2023
2023-02-26,28.915714285714284,4.95,2023
2023-03-05,29.934285714285714,1.77,2023
2023-03-12,29.957142857142856,1.15,2023
2023-03-19,27.657142857142855,22.009999999999998,2023
2023-03-26,25.648571428571426,31.36,2023
2023-04-02,26.755714285714284,2.81,2023
2023-04-09,27.94857142857143,2.69,2023
2023-04-16,28.552857142857142,0.96,2023
2023-04-23,28.68285714285714,6.35,2023
2023-04-30,27.99285714285714,7.140000000000001,2023
2023-05-07,27.195714285714285,8.09,2023
2023-05-14,28.00857142857143,6.15,2023
2023-05-21,26.84714285714286,1.51,2023
2023-05-28,25.55,14.46,2023
2023-06-04,25.75857142857143,1.0699999999999998,2023
2023-06-11,25.044285714285714,4.2,2023
2023-06-18,25.832857142857144,1.8800000000000001,2023
2023-06-25,23.947142857142858,2.53,2023
2023-07-02,24.868571428571432,0.66,2023
2023-07-09,24.974285714285713,1.35,2023
2023-07-16,26.345714285714287,0.1,2023
2023-07-23,24.58142857142857,0.29000000000000004,2023
2023-07-30,25.728571428571428,0.16999999999999998,2023
2023-08-06,25.34857142857143,2.8000000000000003,2023
2023-08-13,25.349999999999998,0.43,2023
2023-08-20,25.64428571428571,1.11,2023
2023-08-27,28.43,0.7000000000000001,2023
2023-09-03,27.97714285714286,1.1600000000000001,2023
2023-09-10,26.708571428571428,0.71,2023
2023-09-17,27.389999999999997,0.49,2023
2023-09-24,28.01571428571429,0.66,2023
2023-10-01,29.834285714285716,0.08,2023
2023-10-08,29.698571428571427,0.0,2023
2023-10-15,29.415714285714284,0.01,2023
2023-10-22,28.327142857142857,0.01,2023
2023-10-29,30.944285714285716,0.0,2023
2023-11-05,30.44142857142857,29.11,2023
2023-11-12,28.68857142857143,5.1499999999999995,2023
2023-11-19,31.134285714285713,1.02,2023
2023-11-26,30.472857142857144,2.67,2023
2023-12-03,29.88714285714286,0.8900000000000001,2023
2023-12-10,30.391428571428573,0.46,2023
2023-12-17,29.577142857142857,0.39,2023
2023-12-24,28.717142857142857,14.530000000000001,2023
2023-12-31,30.917142857142856,4.77,2023
2024-01-07,28.60571428571429,21.119999999999997,2024
2024-01-14,29.494285714285716,0.99,2024
2024-01-21,30.830000000000002,6.970000000000001,2024
2024-01-28,27.47,60.17,2024
2024-02-04,27.06142857142857,1.67,2024
2024-02-11,27.678571428571427,17.729999999999997,2024
2024-02-18,27.594285714285714,30.18,2024
2024-02-25,25.721428571428568,71.77,2024
2024-03-03,27.32857142857143,18.58,2024
2024-03-10,27.37857142857143,10.76,2024
2024-03-17,28.155714285714286,8.93,2024
2024-03-24,29.13,3.26,2024
2024-03-31,29.48,2.16,2024
2024-04-07,27.012857142857143,64.45,2024
2024-04-14,27.75,4.61,2024
2024-04-21,27.43285714285714,12.61,2024
2024-04-28,27.83857142857143,2.72,2024
2024-05-05,27.48,1.51,2024
2024-05-12,26.484285714285715,3.52,2024
2024-05-19,27.415714285714284,2.08,2024
2024-05-26,26.451428571428572,2.3000000000000003,2024
2024-06-02,26.41,3.63,2024
2024-06-09,25.888571428571428,2.91,2024
2024-06-16,25.127142857142854,3.0300000000000002,2024
2024-06-23,24.52,3.98,2024
2024-06-30,25.585714285714285,1.5899999999999999,2024
2024-07-07,24.622857142857146,3.3899999999999997,2024
2024-07-14,24.095714285714287,10.469999999999999,2024
2024-07-21,23.255714285714284,1.57,2024
2024-07-28,23.851428571428574,0.35000000000000003,2024
2024-08-04,24.56,1.28,2024
2024-08-11,25.635714285714283,0.24,2024
2024-08-18,26.444285714285716,1.81,2024
2024-08-25,25.662857142857142,0.27,2024
2024-09-01,25.312857142857144,1.1099999999999999,2024
2024-09-08,25.849999999999998,0.35,2024
2024-09-15,26.02,0.07,2024
2024-09-22,27.264285714285712,0.0,2024
2024-09-29,28.135714285714283,0.57,2024
2024-10-06,28.537142857142857,0.27,2024
2024-10-13,29.872857142857146,0.0,2024
2024-10-20,29.937142857142856,0.86,2024
2024-10-27,29.937142857142856,0.09999999999999999,2024
2024-11-03,29.965714285714284,0.0,2024
2024-11-10,30.044285714285714,1.4200000000000002,2024
2024-11-17,27.99285714285714,20.73,2024
2024-11-24,30.884285714285713,0.8,2024
2024-12-01,29.934285714285714,4.16,2024
2024-12-08,30.524285714285718,1.17,2024
2024-12-15,30.937142857142856,0.78,2024
2024-12-22,31.785714285714285,0.16,2024
2024-12-29,30.627142857142854,0.05,2024
2025-01-05,31.439999999999998,0.33,2025
2025-01-12,29.592857142857145,27.07,2025
2025-01-19,25.357142857142858,73.65,2025
2025-01-26,27.184285714285714,1.1400000000000001,2025
2025-02-02,27.261428571428574,23.3,2025
2025-02-09,27.582857142857144,0.52,2025
2025-02-16,28.72142857142857,0.04,2025
2025-02-23,29.891428571428573,0.24000000000000002,2025
2025-03-02,29.465714285714284,1.29,2025
2025-03-09,29.125714285714285,0.22,2025
2025-03-16,29.99857142857143,0.32,2025
2025-03-23,30.849999999999998,1.6099999999999999,2025
2025-03-30,30.57857142857143,0.38,2025
2025-04-06,29.657142857142855,0.14,2025
2025-04-13,28.99285714285714,22.99,2025
2025-04-20,29.601428571428574,0.81,2025
2025-04-27,29.594285714285714,0.1,2025
2025-05-04,28.638571428571428,8.19,2025
2025-05-11,26.615714285714287,6.43,2025
2025-05-18,26.615714285714287,6.43,2025
